Text,Category
Exciting match! The home team won the game.,Sports
Ellipsis,Politics
Ellipsis,Technology
Ellipsis,Politics
Election results are out. New government formed.,Politics
Ellipsis,Technology
Debate on the new tax policy.,Politics
Exciting match! The home team won the game.,Sports
Ellipsis,Politics
Ellipsis,Sports
Debate on the new tax policy.,Politics
Debate on the new tax policy.,Politics
Debate on the new tax policy.,Politics
Ellipsis,Politics
Debate on the new tax policy.,Politics
Debate on the new tax policy.,Politics
Ellipsis,Politics
Ellipsis,Politics
Debate on the new tax policy.,Politics
New smartphone released with advanced features.,Technology
Debate on the new tax policy.,Politics
Debate on the new tax policy.,Politics
AI technology revolutionizing industries.,Technology
Exciting match! The home team won the game.,Sports
Election results are out. New government formed.,Politics
Ellipsis,Sports
Ellipsis,Sports
New smartphone released with advanced features.,Technology
Ellipsis,Sports
Election results are out. New government formed.,Politics
Ellipsis,Technology
Ellipsis,Politics
Ellipsis,Politics
Ellipsis,Technology
Athlete breaks the world record.,Sports
Ellipsis,Sports
AI technology revolutionizing industries.,Technology
Exciting match! The home team won the game.,Sports
Ellipsis,Technology
Election results are out. New government formed.,Politics
New smartphone released with advanced features.,Technology
Ellipsis,Technology
Debate on the new tax policy.,Politics
Ellipsis,Sports
Ellipsis,Politics
Debate on the new tax policy.,Politics
Exciting match! The home team won the game.,Sports
AI technology revolutionizing industries.,Technology
New smartphone released with advanced features.,Technology
Athlete breaks the world record.,Sports
Ellipsis,Politics
AI technology revolutionizing industries.,Technology
Ellipsis,Technology
Election results are out. New government formed.,Politics
Athlete breaks the world record.,Sports
AI technology revolutionizing industries.,Technology
Ellipsis,Politics
AI technology revolutionizing industries.,Technology
Athlete breaks the world record.,Sports
New smartphone released with advanced features.,Technology
Athlete breaks the world record.,Sports
Athlete breaks the world record.,Sports
New smartphone released with advanced features.,Technology
Ellipsis,Sports
AI technology revolutionizing industries.,Technology
Debate on the new tax policy.,Politics
Athlete breaks the world record.,Sports
Exciting match! The home team won the game.,Sports
Athlete breaks the world record.,Sports
Ellipsis,Politics
AI technology revolutionizing industries.,Technology
Ellipsis,Politics
Ellipsis,Sports
Ellipsis,Technology
Election results are out. New government formed.,Politics
Athlete breaks the world record.,Sports
Ellipsis,Sports
New smartphone released with advanced features.,Technology
Debate on the new tax policy.,Politics
New smartphone released with advanced features.,Technology
Ellipsis,Sports
Debate on the new tax policy.,Politics
New smartphone released with advanced features.,Technology
Ellipsis,Technology
Debate on the new tax policy.,Politics
New smartphone released with advanced features.,Technology
New smartphone released with advanced features.,Technology
AI technology revolutionizing industries.,Technology
Ellipsis,Politics
Ellipsis,Sports
Debate on the new tax policy.,Politics
AI technology revolutionizing industries.,Technology
Athlete breaks the world record.,Sports
Ellipsis,Sports
Exciting match! The home team won the game.,Sports
Ellipsis,Sports
Athlete breaks the world record.,Sports
Ellipsis,Sports
Election results are out. New government formed.,Politics
Election results are out. New government formed.,Politics
AI technology revolutionizing industries.,Technology
Ellipsis,Sports
Exciting match! The home team won the game.,Sports
Debate on the new tax policy.,Politics
Debate on the new tax policy.,Politics
Exciting match! The home team won the game.,Sports
Election results are out. New government formed.,Politics
New smartphone released with advanced features.,Technology
Ellipsis,Politics
Ellipsis,Technology
Athlete breaks the world record.,Sports
Ellipsis,Sports
Athlete breaks the world record.,Sports
AI technology revolutionizing industries.,Technology
Exciting match! The home team won the game.,Sports
New smartphone released with advanced features.,Technology
Ellipsis,Politics
Ellipsis,Technology
Ellipsis,Technology
Athlete breaks the world record.,Sports
New smartphone released with advanced features.,Technology
New smartphone released with advanced features.,Technology
Athlete breaks the world record.,Sports
Ellipsis,Politics
Athlete breaks the world record.,Sports
New smartphone released with advanced features.,Technology
Election results are out. New government formed.,Politics
New smartphone released with advanced features.,Technology
Ellipsis,Politics
Athlete breaks the world record.,Sports
Ellipsis,Sports
Ellipsis,Technology
Ellipsis,Sports
Ellipsis,Technology
Ellipsis,Technology
Ellipsis,Politics
Ellipsis,Technology
Ellipsis,Sports
Ellipsis,Technology
Debate on the new tax policy.,Politics
Debate on the new tax policy.,Politics
Exciting match! The home team won the game.,Sports
AI technology revolutionizing industries.,Technology
New smartphone released with advanced features.,Technology
Exciting match! The home team won the game.,Sports
Election results are out. New government formed.,Politics
Athlete breaks the world record.,Sports
Debate on the new tax policy.,Politics
Debate on the new tax policy.,Politics
Ellipsis,Sports
Ellipsis,Politics
New smartphone released with advanced features.,Technology
Election results are out. New government formed.,Politics
Ellipsis,Politics
New smartphone released with advanced features.,Technology
Athlete breaks the world record.,Sports
Ellipsis,Politics
Debate on the new tax policy.,Politics
AI technology revolutionizing industries.,Technology
Election results are out. New government formed.,Politics
Ellipsis,Technology
Athlete breaks the world record.,Sports
New smartphone released with advanced features.,Technology
Ellipsis,Sports
Athlete breaks the world record.,Sports
Exciting match! The home team won the game.,Sports
Ellipsis,Sports
Exciting match! The home team won the game.,Sports
AI technology revolutionizing industries.,Technology
Exciting match! The home team won the game.,Sports
New smartphone released with advanced features.,Technology
Ellipsis,Technology
Exciting match! The home team won the game.,Sports
Debate on the new tax policy.,Politics
Athlete breaks the world record.,Sports
Ellipsis,Technology
Election results are out. New government formed.,Politics
New smartphone released with advanced features.,Technology
New smartphone released with advanced features.,Technology
Ellipsis,Politics
Exciting match! The home team won the game.,Sports
Debate on the new tax policy.,Politics
Exciting match! The home team won the game.,Sports
New smartphone released with advanced features.,Technology
Ellipsis,Sports
New smartphone released with advanced features.,Technology
AI technology revolutionizing industries.,Technology
Ellipsis,Sports
Election results are out. New government formed.,Politics
Ellipsis,Technology
Election results are out. New government formed.,Politics
Ellipsis,Sports
New smartphone released with advanced features.,Technology
Exciting match! The home team won the game.,Sports
New smartphone released with advanced features.,Technology
Exciting match! The home team won the game.,Sports
New smartphone released with advanced features.,Technology
Athlete breaks the world record.,Sports
Athlete breaks the world record.,Sports
Exciting match! The home team won the game.,Sports
Ellipsis,Sports
New smartphone released with advanced features.,Technology
Election results are out. New government formed.,Politics
Exciting match! The home team won the game.,Sports
Exciting match! The home team won the game.,Sports
Ellipsis,Sports
Debate on the new tax policy.,Politics
Athlete breaks the world record.,Sports
AI technology revolutionizing industries.,Technology
Ellipsis,Politics
Election results are out. New government formed.,Politics
Ellipsis,Sports
New smartphone released with advanced features.,Technology
Ellipsis,Politics
Ellipsis,Politics
Debate on the new tax policy.,Politics
Athlete breaks the world record.,Sports
Athlete breaks the world record.,Sports
Ellipsis,Politics
Ellipsis,Sports
Ellipsis,Sports
AI technology revolutionizing industries.,Technology
Ellipsis,Sports
Athlete breaks the world record.,Sports
Ellipsis,Technology
Debate on the new tax policy.,Politics
New smartphone released with advanced features.,Technology
New smartphone released with advanced features.,Technology
New smartphone released with advanced features.,Technology
AI technology revolutionizing industries.,Technology
Athlete breaks the world record.,Sports
New smartphone released with advanced features.,Technology
New smartphone released with advanced features.,Technology
Athlete breaks the world record.,Sports
Debate on the new tax policy.,Politics
Election results are out. New government formed.,Politics
New smartphone released with advanced features.,Technology
Exciting match! The home team won the game.,Sports
Exciting match! The home team won the game.,Sports
Exciting match! The home team won the game.,Sports
Debate on the new tax policy.,Politics
Election results are out. New government formed.,Politics
New smartphone released with advanced features.,Technology
Athlete breaks the world record.,Sports
Election results are out. New government formed.,Politics
New smartphone released with advanced features.,Technology
Ellipsis,Technology
Debate on the new tax policy.,Politics
Ellipsis,Technology
Ellipsis,Politics
Ellipsis,Politics
Election results are out. New government formed.,Politics
Debate on the new tax policy.,Politics
Debate on the new tax policy.,Politics
Ellipsis,Technology
AI technology revolutionizing industries.,Technology
Ellipsis,Sports
Athlete breaks the world record.,Sports
Ellipsis,Technology
Ellipsis,Politics
Athlete breaks the world record.,Sports
Exciting match! The home team won the game.,Sports
Election results are out. New government formed.,Politics
New smartphone released with advanced features.,Technology
New smartphone released with advanced features.,Technology
Election results are out. New government formed.,Politics
Athlete breaks the world record.,Sports
New smartphone released with advanced features.,Technology
Election results are out. New government formed.,Politics
Athlete breaks the world record.,Sports
Election results are out. New government formed.,Politics
New smartphone released with advanced features.,Technology
Exciting match! The home team won the game.,Sports
Ellipsis,Technology
Exciting match! The home team won the game.,Sports
Athlete breaks the world record.,Sports
Ellipsis,Technology
Ellipsis,Sports
Athlete breaks the world record.,Sports
Election results are out. New government formed.,Politics
AI technology revolutionizing industries.,Technology
Ellipsis,Technology
Exciting match! The home team won the game.,Sports
AI technology revolutionizing industries.,Technology
Debate on the new tax policy.,Politics
Election results are out. New government formed.,Politics
Ellipsis,Technology
Exciting match! The home team won the game.,Sports
New smartphone released with advanced features.,Technology
Exciting match! The home team won the game.,Sports
Debate on the new tax policy.,Politics
Exciting match! The home team won the game.,Sports
Debate on the new tax policy.,Politics
New smartphone released with advanced features.,Technology
Ellipsis,Sports
Ellipsis,Technology
Athlete breaks the world record.,Sports
Exciting match! The home team won the game.,Sports
Ellipsis,Technology
Ellipsis,Technology
Ellipsis,Politics
AI technology revolutionizing industries.,Technology
Debate on the new tax policy.,Politics
AI technology revolutionizing industries.,Technology
Ellipsis,Sports
Election results are out. New government formed.,Politics
Ellipsis,Sports
Ellipsis,Politics
Ellipsis,Technology
Athlete breaks the world record.,Sports
Debate on the new tax policy.,Politics
New smartphone released with advanced features.,Technology
Ellipsis,Politics
Ellipsis,Politics
AI technology revolutionizing industries.,Technology
AI technology revolutionizing industries.,Technology
Election results are out. New government formed.,Politics
New smartphone released with advanced features.,Technology
AI technology revolutionizing industries.,Technology
Ellipsis,Technology
Ellipsis,Politics
Ellipsis,Sports
Exciting match! The home team won the game.,Sports
Ellipsis,Sports
Athlete breaks the world record.,Sports
Athlete breaks the world record.,Sports
AI technology revolutionizing industries.,Technology
Ellipsis,Technology
Ellipsis,Technology
New smartphone released with advanced features.,Technology
Exciting match! The home team won the game.,Sports
Exciting match! The home team won the game.,Sports
Exciting match! The home team won the game.,Sports
Debate on the new tax policy.,Politics
Ellipsis,Sports
Ellipsis,Politics
New smartphone released with advanced features.,Technology
Debate on the new tax policy.,Politics
Exciting match! The home team won the game.,Sports
Ellipsis,Politics
Athlete breaks the world record.,Sports
Athlete breaks the world record.,Sports
AI technology revolutionizing industries.,Technology
New smartphone released with advanced features.,Technology
Athlete breaks the world record.,Sports
AI technology revolutionizing industries.,Technology
Election results are out. New government formed.,Politics
Exciting match! The home team won the game.,Sports
Ellipsis,Technology
Exciting match! The home team won the game.,Sports
AI technology revolutionizing industries.,Technology
Debate on the new tax policy.,Politics
Debate on the new tax policy.,Politics
Ellipsis,Politics
Athlete breaks the world record.,Sports
Ellipsis,Politics
Exciting match! The home team won the game.,Sports
Ellipsis,Politics
Ellipsis,Technology
Ellipsis,Sports
Election results are out. New government formed.,Politics
Ellipsis,Technology
Election results are out. New government formed.,Politics
Ellipsis,Politics
New smartphone released with advanced features.,Technology
Ellipsis,Sports
Exciting match! The home team won the game.,Sports
New smartphone released with advanced features.,Technology
Debate on the new tax policy.,Politics
Debate on the new tax policy.,Politics
New smartphone released with advanced features.,Technology
Ellipsis,Sports
AI technology revolutionizing industries.,Technology
Ellipsis,Sports
Election results are out. New government formed.,Politics
Exciting match! The home team won the game.,Sports
Exciting match! The home team won the game.,Sports
Ellipsis,Technology
Ellipsis,Technology
Ellipsis,Sports
Election results are out. New government formed.,Politics
Debate on the new tax policy.,Politics
Election results are out. New government formed.,Politics
Exciting match! The home team won the game.,Sports
Exciting match! The home team won the game.,Sports
Election results are out. New government formed.,Politics
Athlete breaks the world record.,Sports
Ellipsis,Sports
Ellipsis,Technology
Ellipsis,Sports
Athlete breaks the world record.,Sports
Ellipsis,Politics
Ellipsis,Sports
New smartphone released with advanced features.,Technology
Ellipsis,Sports
Ellipsis,Politics
Exciting match! The home team won the game.,Sports
Ellipsis,Politics
Ellipsis,Sports
AI technology revolutionizing industries.,Technology
Debate on the new tax policy.,Politics
Athlete breaks the world record.,Sports
Ellipsis,Sports
Debate on the new tax policy.,Politics
Athlete breaks the world record.,Sports
Debate on the new tax policy.,Politics
Exciting match! The home team won the game.,Sports
Ellipsis,Politics
Ellipsis,Politics
New smartphone released with advanced features.,Technology
Exciting match! The home team won the game.,Sports
AI technology revolutionizing industries.,Technology
Ellipsis,Sports
Debate on the new tax policy.,Politics
Election results are out. New government formed.,Politics
Exciting match! The home team won the game.,Sports
Ellipsis,Technology
Athlete breaks the world record.,Sports
Exciting match! The home team won the game.,Sports
Exciting match! The home team won the game.,Sports
Election results are out. New government formed.,Politics
Ellipsis,Politics
Exciting match! The home team won the game.,Sports
Election results are out. New government formed.,Politics
Election results are out. New government formed.,Politics
Athlete breaks the world record.,Sports
Athlete breaks the world record.,Sports
New smartphone released with advanced features.,Technology
Ellipsis,Technology
Athlete breaks the world record.,Sports
Ellipsis,Sports
AI technology revolutionizing industries.,Technology
Exciting match! The home team won the game.,Sports
Election results are out. New government formed.,Politics
New smartphone released with advanced features.,Technology
Election results are out. New government formed.,Politics
Ellipsis,Technology
Ellipsis,Technology
Election results are out. New government formed.,Politics
Election results are out. New government formed.,Politics
AI technology revolutionizing industries.,Technology
Exciting match! The home team won the game.,Sports
AI technology revolutionizing industries.,Technology
Election results are out. New government formed.,Politics
Debate on the new tax policy.,Politics
Athlete breaks the world record.,Sports
Debate on the new tax policy.,Politics
New smartphone released with advanced features.,Technology
AI technology revolutionizing industries.,Technology
New smartphone released with advanced features.,Technology
Athlete breaks the world record.,Sports
Ellipsis,Technology
Debate on the new tax policy.,Politics
Athlete breaks the world record.,Sports
Ellipsis,Sports
Election results are out. New government formed.,Politics
Exciting match! The home team won the game.,Sports
Ellipsis,Politics
Ellipsis,Sports
Ellipsis,Sports
New smartphone released with advanced features.,Technology
AI technology revolutionizing industries.,Technology
Exciting match! The home team won the game.,Sports
Debate on the new tax policy.,Politics
Ellipsis,Technology
New smartphone released with advanced features.,Technology
New smartphone released with advanced features.,Technology
Exciting match! The home team won the game.,Sports
New smartphone released with advanced features.,Technology
New smartphone released with advanced features.,Technology
AI technology revolutionizing industries.,Technology
Ellipsis,Politics
AI technology revolutionizing industries.,Technology
Athlete breaks the world record.,Sports
Election results are out. New government formed.,Politics
Exciting match! The home team won the game.,Sports
Ellipsis,Politics
Ellipsis,Technology
Exciting match! The home team won the game.,Sports
New smartphone released with advanced features.,Technology
Election results are out. New government formed.,Politics
Debate on the new tax policy.,Politics
AI technology revolutionizing industries.,Technology
Debate on the new tax policy.,Politics
Election results are out. New government formed.,Politics
Election results are out. New government formed.,Politics
AI technology revolutionizing industries.,Technology
AI technology revolutionizing industries.,Technology
Ellipsis,Politics
Exciting match! The home team won the game.,Sports
Debate on the new tax policy.,Politics
Election results are out. New government formed.,Politics
Debate on the new tax policy.,Politics
Ellipsis,Technology
Debate on the new tax policy.,Politics
Athlete breaks the world record.,Sports
Athlete breaks the world record.,Sports
Ellipsis,Sports
Exciting match! The home team won the game.,Sports
New smartphone released with advanced features.,Technology
New smartphone released with advanced features.,Technology
Ellipsis,Politics
Exciting match! The home team won the game.,Sports
Athlete breaks the world record.,Sports
Election results are out. New government formed.,Politics
AI technology revolutionizing industries.,Technology
Debate on the new tax policy.,Politics
Debate on the new tax policy.,Politics
Debate on the new tax policy.,Politics
Debate on the new tax policy.,Politics
Debate on the new tax policy.,Politics
New smartphone released with advanced features.,Technology
Athlete breaks the world record.,Sports
AI technology revolutionizing industries.,Technology
AI technology revolutionizing industries.,Technology
AI technology revolutionizing industries.,Technology
Exciting match! The home team won the game.,Sports
Debate on the new tax policy.,Politics
AI technology revolutionizing industries.,Technology
Ellipsis,Politics
Athlete breaks the world record.,Sports
Debate on the new tax policy.,Politics
AI technology revolutionizing industries.,Technology
New smartphone released with advanced features.,Technology
Ellipsis,Technology
Athlete breaks the world record.,Sports
Election results are out. New government formed.,Politics
Ellipsis,Technology
Election results are out. New government formed.,Politics
Exciting match! The home team won the game.,Sports
Ellipsis,Politics
Exciting match! The home team won the game.,Sports
Exciting match! The home team won the game.,Sports
Ellipsis,Politics
Athlete breaks the world record.,Sports
Election results are out. New government formed.,Politics
Athlete breaks the world record.,Sports
Exciting match! The home team won the game.,Sports
Ellipsis,Sports
Ellipsis,Sports
New smartphone released with advanced features.,Technology
Exciting match! The home team won the game.,Sports
Ellipsis,Politics
Ellipsis,Sports
Debate on the new tax policy.,Politics
Election results are out. New government formed.,Politics
Ellipsis,Technology
New smartphone released with advanced features.,Technology
New smartphone released with advanced features.,Technology
Exciting match! The home team won the game.,Sports
Ellipsis,Sports
New smartphone released with advanced features.,Technology
New smartphone released with advanced features.,Technology
Ellipsis,Technology
Ellipsis,Politics
Ellipsis,Technology
Ellipsis,Politics
Election results are out. New government formed.,Politics
Ellipsis,Politics
Ellipsis,Sports
Election results are out. New government formed.,Politics
Exciting match! The home team won the game.,Sports
Ellipsis,Politics
Athlete breaks the world record.,Sports
Ellipsis,Technology
Election results are out. New government formed.,Politics
Ellipsis,Sports
Election results are out. New government formed.,Politics
Election results are out. New government formed.,Politics
Exciting match! The home team won the game.,Sports
Ellipsis,Politics
Ellipsis,Politics
Election results are out. New government formed.,Politics
Ellipsis,Sports
Ellipsis,Technology
Athlete breaks the world record.,Sports
Debate on the new tax policy.,Politics
AI technology revolutionizing industries.,Technology
AI technology revolutionizing industries.,Technology
Exciting match! The home team won the game.,Sports
Exciting match! The home team won the game.,Sports
Athlete breaks the world record.,Sports
Exciting match! The home team won the game.,Sports
Debate on the new tax policy.,Politics
Election results are out. New government formed.,Politics
Exciting match! The home team won the game.,Sports
New smartphone released with advanced features.,Technology
Debate on the new tax policy.,Politics
Ellipsis,Sports
AI technology revolutionizing industries.,Technology
Ellipsis,Sports
Election results are out. New government formed.,Politics
Debate on the new tax policy.,Politics
Ellipsis,Sports
Ellipsis,Sports
New smartphone released with advanced features.,Technology
Ellipsis,Sports
Ellipsis,Sports
New smartphone released with advanced features.,Technology
Exciting match! The home team won the game.,Sports
Election results are out. New government formed.,Politics
Election results are out. New government formed.,Politics
Debate on the new tax policy.,Politics
Debate on the new tax policy.,Politics
AI technology revolutionizing industries.,Technology
Athlete breaks the world record.,Sports
Exciting match! The home team won the game.,Sports
Ellipsis,Politics
New smartphone released with advanced features.,Technology
Election results are out. New government formed.,Politics
AI technology revolutionizing industries.,Technology
New smartphone released with advanced features.,Technology
Election results are out. New government formed.,Politics
Athlete breaks the world record.,Sports
Election results are out. New government formed.,Politics
Athlete breaks the world record.,Sports
Ellipsis,Politics
Athlete breaks the world record.,Sports
Debate on the new tax policy.,Politics
Ellipsis,Technology
Ellipsis,Politics
AI technology revolutionizing industries.,Technology
Election results are out. New government formed.,Politics
Ellipsis,Sports
Exciting match! The home team won the game.,Sports
Ellipsis,Technology
Exciting match! The home team won the game.,Sports
Ellipsis,Politics
Ellipsis,Technology
Athlete breaks the world record.,Sports
Ellipsis,Technology
AI technology revolutionizing industries.,Technology
New smartphone released with advanced features.,Technology
Athlete breaks the world record.,Sports
Election results are out. New government formed.,Politics
Ellipsis,Politics
Ellipsis,Technology
Exciting match! The home team won the game.,Sports
New smartphone released with advanced features.,Technology
Exciting match! The home team won the game.,Sports
Exciting match! The home team won the game.,Sports
AI technology revolutionizing industries.,Technology
Ellipsis,Technology
Debate on the new tax policy.,Politics
Debate on the new tax policy.,Politics
Ellipsis,Technology
Exciting match! The home team won the game.,Sports
Ellipsis,Technology
Ellipsis,Technology
Debate on the new tax policy.,Politics
Ellipsis,Sports
AI technology revolutionizing industries.,Technology
Election results are out. New government formed.,Politics
Election results are out. New government formed.,Politics
AI technology revolutionizing industries.,Technology
Ellipsis,Technology
New smartphone released with advanced features.,Technology
Ellipsis,Technology
Ellipsis,Sports
Ellipsis,Sports
Ellipsis,Sports
Athlete breaks the world record.,Sports
AI technology revolutionizing industries.,Technology
Ellipsis,Politics
Ellipsis,Sports
Debate on the new tax policy.,Politics
Ellipsis,Sports
Ellipsis,Sports
Debate on the new tax policy.,Politics
Exciting match! The home team won the game.,Sports
Ellipsis,Technology
Debate on the new tax policy.,Politics
Debate on the new tax policy.,Politics
Ellipsis,Sports
AI technology revolutionizing industries.,Technology
AI technology revolutionizing industries.,Technology
New smartphone released with advanced features.,Technology
Debate on the new tax policy.,Politics
Athlete breaks the world record.,Sports
Election results are out. New government formed.,Politics
Ellipsis,Sports
Ellipsis,Sports
Ellipsis,Sports
New smartphone released with advanced features.,Technology
Athlete breaks the world record.,Sports
Debate on the new tax policy.,Politics
Ellipsis,Sports
Ellipsis,Politics
New smartphone released with advanced features.,Technology
Exciting match! The home team won the game.,Sports
Athlete breaks the world record.,Sports
Ellipsis,Technology
Athlete breaks the world record.,Sports
New smartphone released with advanced features.,Technology
Election results are out. New government formed.,Politics
Exciting match! The home team won the game.,Sports
Ellipsis,Sports
Election results are out. New government formed.,Politics
Ellipsis,Politics
Ellipsis,Politics
Election results are out. New government formed.,Politics
Ellipsis,Sports
Ellipsis,Technology
New smartphone released with advanced features.,Technology
Athlete breaks the world record.,Sports
AI technology revolutionizing industries.,Technology
AI technology revolutionizing industries.,Technology
Ellipsis,Politics
Election results are out. New government formed.,Politics
Ellipsis,Politics
New smartphone released with advanced features.,Technology
New smartphone released with advanced features.,Technology
Exciting match! The home team won the game.,Sports
Athlete breaks the world record.,Sports
AI technology revolutionizing industries.,Technology
Ellipsis,Technology
Ellipsis,Politics
Ellipsis,Sports
Exciting match! The home team won the game.,Sports
Election results are out. New government formed.,Politics
Ellipsis,Sports
Ellipsis,Politics
Election results are out. New government formed.,Politics
Athlete breaks the world record.,Sports
Ellipsis,Technology
Ellipsis,Sports
New smartphone released with advanced features.,Technology
Ellipsis,Technology
Ellipsis,Politics
AI technology revolutionizing industries.,Technology
AI technology revolutionizing industries.,Technology
Athlete breaks the world record.,Sports
Election results are out. New government formed.,Politics
Debate on the new tax policy.,Politics
Debate on the new tax policy.,Politics
AI technology revolutionizing industries.,Technology
Exciting match! The home team won the game.,Sports
New smartphone released with advanced features.,Technology
Debate on the new tax policy.,Politics
Ellipsis,Politics
Athlete breaks the world record.,Sports
AI technology revolutionizing industries.,Technology
Athlete breaks the world record.,Sports
Ellipsis,Politics
Exciting match! The home team won the game.,Sports
Ellipsis,Sports
Debate on the new tax policy.,Politics
AI technology revolutionizing industries.,Technology
Athlete breaks the world record.,Sports
Ellipsis,Sports
New smartphone released with advanced features.,Technology
Election results are out. New government formed.,Politics
New smartphone released with advanced features.,Technology
Election results are out. New government formed.,Politics
Exciting match! The home team won the game.,Sports
Election results are out. New government formed.,Politics
Athlete breaks the world record.,Sports
Athlete breaks the world record.,Sports
Debate on the new tax policy.,Politics
Ellipsis,Politics
Debate on the new tax policy.,Politics
Athlete breaks the world record.,Sports
AI technology revolutionizing industries.,Technology
New smartphone released with advanced features.,Technology
Ellipsis,Technology
Exciting match! The home team won the game.,Sports
AI technology revolutionizing industries.,Technology
Ellipsis,Technology
Ellipsis,Technology
Athlete breaks the world record.,Sports
Exciting match! The home team won the game.,Sports
Ellipsis,Technology
Election results are out. New government formed.,Politics
Election results are out. New government formed.,Politics
Athlete breaks the world record.,Sports
Athlete breaks the world record.,Sports
Debate on the new tax policy.,Politics
Debate on the new tax policy.,Politics
Debate on the new tax policy.,Politics
AI technology revolutionizing industries.,Technology
Exciting match! The home team won the game.,Sports
AI technology revolutionizing industries.,Technology
Ellipsis,Politics
Ellipsis,Technology
AI technology revolutionizing industries.,Technology
Athlete breaks the world record.,Sports
Ellipsis,Sports
Election results are out. New government formed.,Politics
AI technology revolutionizing industries.,Technology
AI technology revolutionizing industries.,Technology
Election results are out. New government formed.,Politics
Ellipsis,Technology
Ellipsis,Technology
Election results are out. New government formed.,Politics
Debate on the new tax policy.,Politics
Athlete breaks the world record.,Sports
Election results are out. New government formed.,Politics
Ellipsis,Sports
Athlete breaks the world record.,Sports
Ellipsis,Politics
Exciting match! The home team won the game.,Sports
New smartphone released with advanced features.,Technology
Exciting match! The home team won the game.,Sports
Athlete breaks the world record.,Sports
Athlete breaks the world record.,Sports
Ellipsis,Technology
New smartphone released with advanced features.,Technology
Ellipsis,Politics
Ellipsis,Technology
Debate on the new tax policy.,Politics
Ellipsis,Sports
Election results are out. New government formed.,Politics
AI technology revolutionizing industries.,Technology
Ellipsis,Politics
Athlete breaks the world record.,Sports
New smartphone released with advanced features.,Technology
Athlete breaks the world record.,Sports
Ellipsis,Politics
Election results are out. New government formed.,Politics
AI technology revolutionizing industries.,Technology
Ellipsis,Sports
Exciting match! The home team won the game.,Sports
Election results are out. New government formed.,Politics
New smartphone released with advanced features.,Technology
New smartphone released with advanced features.,Technology
Ellipsis,Technology
Debate on the new tax policy.,Politics
Election results are out. New government formed.,Politics
Exciting match! The home team won the game.,Sports
Exciting match! The home team won the game.,Sports
Athlete breaks the world record.,Sports
Exciting match! The home team won the game.,Sports
New smartphone released with advanced features.,Technology
Ellipsis,Politics
New smartphone released with advanced features.,Technology
Ellipsis,Sports
Athlete breaks the world record.,Sports
Ellipsis,Politics
Ellipsis,Politics
New smartphone released with advanced features.,Technology
Exciting match! The home team won the game.,Sports
Athlete breaks the world record.,Sports
Ellipsis,Technology
AI technology revolutionizing industries.,Technology
Athlete breaks the world record.,Sports
Debate on the new tax policy.,Politics
Ellipsis,Politics
AI technology revolutionizing industries.,Technology
New smartphone released with advanced features.,Technology
Election results are out. New government formed.,Politics
Election results are out. New government formed.,Politics
AI technology revolutionizing industries.,Technology
Ellipsis,Technology
Ellipsis,Technology
Ellipsis,Sports
Exciting match! The home team won the game.,Sports
Ellipsis,Technology
Ellipsis,Sports
Athlete breaks the world record.,Sports
New smartphone released with advanced features.,Technology
Debate on the new tax policy.,Politics
Election results are out. New government formed.,Politics
Ellipsis,Sports
Ellipsis,Technology
Ellipsis,Politics
Athlete breaks the world record.,Sports
Ellipsis,Politics
Election results are out. New government formed.,Politics
Ellipsis,Sports
Ellipsis,Technology
Debate on the new tax policy.,Politics
New smartphone released with advanced features.,Technology
Debate on the new tax policy.,Politics
Athlete breaks the world record.,Sports
Ellipsis,Sports
AI technology revolutionizing industries.,Technology
Ellipsis,Technology
Exciting match! The home team won the game.,Sports
Election results are out. New government formed.,Politics
New smartphone released with advanced features.,Technology
Debate on the new tax policy.,Politics
Athlete breaks the world record.,Sports
Exciting match! The home team won the game.,Sports
Exciting match! The home team won the game.,Sports
Ellipsis,Technology
Ellipsis,Sports
Ellipsis,Sports
Ellipsis,Sports
AI technology revolutionizing industries.,Technology
New smartphone released with advanced features.,Technology
Ellipsis,Technology
Ellipsis,Technology
Athlete breaks the world record.,Sports
AI technology revolutionizing industries.,Technology
Ellipsis,Sports
Debate on the new tax policy.,Politics
Ellipsis,Technology
Election results are out. New government formed.,Politics
Exciting match! The home team won the game.,Sports
Ellipsis,Sports
Debate on the new tax policy.,Politics
Election results are out. New government formed.,Politics
Exciting match! The home team won the game.,Sports
AI technology revolutionizing industries.,Technology
Ellipsis,Politics
New smartphone released with advanced features.,Technology
Ellipsis,Technology
Debate on the new tax policy.,Politics
Debate on the new tax policy.,Politics
Ellipsis,Politics
Debate on the new tax policy.,Politics
Exciting match! The home team won the game.,Sports
Ellipsis,Sports
New smartphone released with advanced features.,Technology
Election results are out. New government formed.,Politics
Ellipsis,Technology
Election results are out. New government formed.,Politics
Debate on the new tax policy.,Politics
New smartphone released with advanced features.,Technology
Athlete breaks the world record.,Sports
Ellipsis,Sports
Ellipsis,Politics
AI technology revolutionizing industries.,Technology
Ellipsis,Politics
Ellipsis,Sports
Exciting match! The home team won the game.,Sports
Ellipsis,Technology
Ellipsis,Politics
Ellipsis,Technology
Ellipsis,Politics
New smartphone released with advanced features.,Technology
Ellipsis,Technology
Ellipsis,Sports
Ellipsis,Politics
AI technology revolutionizing industries.,Technology
Election results are out. New government formed.,Politics
Athlete breaks the world record.,Sports
Ellipsis,Technology
Exciting match! The home team won the game.,Sports
New smartphone released with advanced features.,Technology
Debate on the new tax policy.,Politics
Election results are out. New government formed.,Politics
Exciting match! The home team won the game.,Sports
AI technology revolutionizing industries.,Technology
Ellipsis,Sports
Election results are out. New government formed.,Politics
Ellipsis,Technology
Election results are out. New government formed.,Politics
AI technology revolutionizing industries.,Technology
Exciting match! The home team won the game.,Sports
Ellipsis,Sports
New smartphone released with advanced features.,Technology
Debate on the new tax policy.,Politics
Athlete breaks the world record.,Sports
Ellipsis,Sports
Election results are out. New government formed.,Politics
AI technology revolutionizing industries.,Technology
Ellipsis,Politics
Athlete breaks the world record.,Sports
Athlete breaks the world record.,Sports
Athlete breaks the world record.,Sports
New smartphone released with advanced features.,Technology
Election results are out. New government formed.,Politics
Ellipsis,Politics
Ellipsis,Technology
Exciting match! The home team won the game.,Sports
AI technology revolutionizing industries.,Technology
Ellipsis,Sports
Ellipsis,Sports
New smartphone released with advanced features.,Technology
Athlete breaks the world record.,Sports
Election results are out. New government formed.,Politics
Ellipsis,Sports
Ellipsis,Politics
AI technology revolutionizing industries.,Technology
Ellipsis,Sports
AI technology revolutionizing industries.,Technology
Ellipsis,Politics
Debate on the new tax policy.,Politics
AI technology revolutionizing industries.,Technology
Athlete breaks the world record.,Sports
New smartphone released with advanced features.,Technology
Ellipsis,Sports
Exciting match! The home team won the game.,Sports
Election results are out. New government formed.,Politics
Ellipsis,Sports
Athlete breaks the world record.,Sports
New smartphone released with advanced features.,Technology
Debate on the new tax policy.,Politics
New smartphone released with advanced features.,Technology
Ellipsis,Technology
Ellipsis,Technology
Ellipsis,Politics
Debate on the new tax policy.,Politics
Ellipsis,Technology
AI technology revolutionizing industries.,Technology
Ellipsis,Technology
Exciting match! The home team won the game.,Sports
New smartphone released with advanced features.,Technology
Ellipsis,Technology
Debate on the new tax policy.,Politics
Athlete breaks the world record.,Sports
New smartphone released with advanced features.,Technology
New smartphone released with advanced features.,Technology
Election results are out. New government formed.,Politics
Ellipsis,Politics
Ellipsis,Sports
Debate on the new tax policy.,Politics
AI technology revolutionizing industries.,Technology
Athlete breaks the world record.,Sports
Exciting match! The home team won the game.,Sports
Election results are out. New government formed.,Politics
AI technology revolutionizing industries.,Technology
Election results are out. New government formed.,Politics
Exciting match! The home team won the game.,Sports
Election results are out. New government formed.,Politics
Ellipsis,Sports
Ellipsis,Sports
AI technology revolutionizing industries.,Technology
Ellipsis,Sports
Ellipsis,Sports
Debate on the new tax policy.,Politics
Ellipsis,Politics
New smartphone released with advanced features.,Technology
Debate on the new tax policy.,Politics
Debate on the new tax policy.,Politics
Debate on the new tax policy.,Politics
Ellipsis,Politics
Ellipsis,Politics
Ellipsis,Sports
New smartphone released with advanced features.,Technology
New smartphone released with advanced features.,Technology
Ellipsis,Technology
Election results are out. New government formed.,Politics
New smartphone released with advanced features.,Technology
Exciting match! The home team won the game.,Sports
New smartphone released with advanced features.,Technology
Ellipsis,Sports
AI technology revolutionizing industries.,Technology
New smartphone released with advanced features.,Technology
Athlete breaks the world record.,Sports
Debate on the new tax policy.,Politics
Ellipsis,Politics
AI technology revolutionizing industries.,Technology
Ellipsis,Politics
Ellipsis,Technology
Athlete breaks the world record.,Sports
Athlete breaks the world record.,Sports
Ellipsis,Sports
Ellipsis,Politics
AI technology revolutionizing industries.,Technology
Election results are out. New government formed.,Politics
New smartphone released with advanced features.,Technology
New smartphone released with advanced features.,Technology
Ellipsis,Technology
Ellipsis,Technology
Election results are out. New government formed.,Politics
New smartphone released with advanced features.,Technology
Ellipsis,Technology
Election results are out. New government formed.,Politics
Ellipsis,Sports
Debate on the new tax policy.,Politics
Ellipsis,Sports
New smartphone released with advanced features.,Technology
New smartphone released with advanced features.,Technology
Election results are out. New government formed.,Politics
Debate on the new tax policy.,Politics
Ellipsis,Politics
New smartphone released with advanced features.,Technology
Debate on the new tax policy.,Politics
Ellipsis,Sports
Ellipsis,Politics
Ellipsis,Sports
AI technology revolutionizing industries.,Technology
New smartphone released with advanced features.,Technology
Debate on the new tax policy.,Politics
Ellipsis,Politics
AI technology revolutionizing industries.,Technology
Exciting match! The home team won the game.,Sports
Ellipsis,Technology
Debate on the new tax policy.,Politics
Debate on the new tax policy.,Politics
Ellipsis,Sports
Election results are out. New government formed.,Politics
Ellipsis,Politics
New smartphone released with advanced features.,Technology
AI technology revolutionizing industries.,Technology
Election results are out. New government formed.,Politics
New smartphone released with advanced features.,Technology
Ellipsis,Sports
Debate on the new tax policy.,Politics
New smartphone released with advanced features.,Technology
AI technology revolutionizing industries.,Technology
Election results are out. New government formed.,Politics
New smartphone released with advanced features.,Technology
Exciting match! The home team won the game.,Sports
Ellipsis,Technology
New smartphone released with advanced features.,Technology
Election results are out. New government formed.,Politics
Ellipsis,Technology
Ellipsis,Politics
Exciting match! The home team won the game.,Sports
Exciting match! The home team won the game.,Sports
Exciting match! The home team won the game.,Sports
Exciting match! The home team won the game.,Sports
Election results are out. New government formed.,Politics
Exciting match! The home team won the game.,Sports
Ellipsis,Sports
Debate on the new tax policy.,Politics
Ellipsis,Sports
Ellipsis,Technology
Athlete breaks the world record.,Sports
Debate on the new tax policy.,Politics
Exciting match! The home team won the game.,Sports
Election results are out. New government formed.,Politics
Ellipsis,Technology
Athlete breaks the world record.,Sports
Election results are out. New government formed.,Politics
Exciting match! The home team won the game.,Sports
Ellipsis,Politics
Athlete breaks the world record.,Sports
Ellipsis,Technology
Election results are out. New government formed.,Politics
Election results are out. New government formed.,Politics
Athlete breaks the world record.,Sports
Debate on the new tax policy.,Politics
Ellipsis,Sports
Election results are out. New government formed.,Politics
Ellipsis,Politics
New smartphone released with advanced features.,Technology
Exciting match! The home team won the game.,Sports
Election results are out. New government formed.,Politics
Athlete breaks the world record.,Sports
Ellipsis,Technology
AI technology revolutionizing industries.,Technology
Athlete breaks the world record.,Sports
Ellipsis,Politics
Exciting match! The home team won the game.,Sports
Ellipsis,Politics
Election results are out. New government formed.,Politics
Election results are out. New government formed.,Politics
Athlete breaks the world record.,Sports
Ellipsis,Politics
New smartphone released with advanced features.,Technology
Debate on the new tax policy.,Politics
Election results are out. New government formed.,Politics
New smartphone released with advanced features.,Technology
Exciting match! The home team won the game.,Sports
Ellipsis,Politics
Ellipsis,Politics
Ellipsis,Sports
New smartphone released with advanced features.,Technology
Athlete breaks the world record.,Sports
New smartphone released with advanced features.,Technology
Ellipsis,Politics
Exciting match! The home team won the game.,Sports
Ellipsis,Sports
Ellipsis,Politics
Ellipsis,Technology
AI technology revolutionizing industries.,Technology
Athlete breaks the world record.,Sports
Ellipsis,Sports
Debate on the new tax policy.,Politics
Exciting match! The home team won the game.,Sports
New smartphone released with advanced features.,Technology
Ellipsis,Technology
Athlete breaks the world record.,Sports
Athlete breaks the world record.,Sports
Debate on the new tax policy.,Politics
AI technology revolutionizing industries.,Technology
Athlete breaks the world record.,Sports
Election results are out. New government formed.,Politics
Debate on the new tax policy.,Politics
New smartphone released with advanced features.,Technology
Election results are out. New government formed.,Politics
Athlete breaks the world record.,Sports
Ellipsis,Politics
Ellipsis,Sports
New smartphone released with advanced features.,Technology
Ellipsis,Sports
New smartphone released with advanced features.,Technology
Ellipsis,Politics
New smartphone released with advanced features.,Technology
Ellipsis,Technology
AI technology revolutionizing industries.,Technology
Ellipsis,Sports
Debate on the new tax policy.,Politics
Ellipsis,Politics
Ellipsis,Politics
Election results are out. New government formed.,Politics
Election results are out. New government formed.,Politics
Ellipsis,Sports
Ellipsis,Politics
Election results are out. New government formed.,Politics
Election results are out. New government formed.,Politics
Ellipsis,Politics
Election results are out. New government formed.,Politics
New smartphone released with advanced features.,Technology
Ellipsis,Sports
Ellipsis,Technology
Debate on the new tax policy.,Politics
Ellipsis,Sports
Athlete breaks the world record.,Sports
New smartphone released with advanced features.,Technology
Ellipsis,Technology
Ellipsis,Politics
New smartphone released with advanced features.,Technology
Ellipsis,Technology
Debate on the new tax policy.,Politics
Debate on the new tax policy.,Politics
Exciting match! The home team won the game.,Sports
Election results are out. New government formed.,Politics
Ellipsis,Technology
Athlete breaks the world record.,Sports
Election results are out. New government formed.,Politics
Ellipsis,Sports
Exciting match! The home team won the game.,Sports
Athlete breaks the world record.,Sports
Election results are out. New government formed.,Politics
Election results are out. New government formed.,Politics
Ellipsis,Sports
Ellipsis,Politics
Ellipsis,Politics
AI technology revolutionizing industries.,Technology
Exciting match! The home team won the game.,Sports
Ellipsis,Technology
New smartphone released with advanced features.,Technology
AI technology revolutionizing industries.,Technology
Athlete breaks the world record.,Sports
AI technology revolutionizing industries.,Technology
AI technology revolutionizing industries.,Technology
Ellipsis,Technology
Debate on the new tax policy.,Politics
Election results are out. New government formed.,Politics
AI technology revolutionizing industries.,Technology
AI technology revolutionizing industries.,Technology
Exciting match! The home team won the game.,Sports
Debate on the new tax policy.,Politics
Debate on the new tax policy.,Politics
Election results are out. New government formed.,Politics
Exciting match! The home team won the game.,Sports
New smartphone released with advanced features.,Technology
AI technology revolutionizing industries.,Technology
Exciting match! The home team won the game.,Sports
AI technology revolutionizing industries.,Technology
Exciting match! The home team won the game.,Sports
Athlete breaks the world record.,Sports
Exciting match! The home team won the game.,Sports
New smartphone released with advanced features.,Technology
Exciting match! The home team won the game.,Sports
New smartphone released with advanced features.,Technology
Election results are out. New government formed.,Politics
Ellipsis,Politics
Ellipsis,Technology
New smartphone released with advanced features.,Technology
New smartphone released with advanced features.,Technology
Athlete breaks the world record.,Sports
Exciting match! The home team won the game.,Sports
Athlete breaks the world record.,Sports
Ellipsis,Technology
Election results are out. New government formed.,Politics
Ellipsis,Technology
New smartphone released with advanced features.,Technology
Debate on the new tax policy.,Politics
New smartphone released with advanced features.,Technology
Exciting match! The home team won the game.,Sports
Ellipsis,Technology
Exciting match! The home team won the game.,Sports
Ellipsis,Sports
New smartphone released with advanced features.,Technology
Ellipsis,Technology
Ellipsis,Politics
Athlete breaks the world record.,Sports
Ellipsis,Technology
Ellipsis,Politics
Debate on the new tax policy.,Politics
New smartphone released with advanced features.,Technology
Athlete breaks the world record.,Sports
Exciting match! The home team won the game.,Sports
Ellipsis,Politics
AI technology revolutionizing industries.,Technology
Exciting match! The home team won the game.,Sports
New smartphone released with advanced features.,Technology
Exciting match! The home team won the game.,Sports
Ellipsis,Technology
New smartphone released with advanced features.,Technology
Athlete breaks the world record.,Sports
Election results are out. New government formed.,Politics
Election results are out. New government formed.,Politics
Athlete breaks the world record.,Sports
AI technology revolutionizing industries.,Technology
Ellipsis,Politics
Election results are out. New government formed.,Politics
New smartphone released with advanced features.,Technology
Election results are out. New government formed.,Politics
New smartphone released with advanced features.,Technology
Athlete breaks the world record.,Sports
Election results are out. New government formed.,Politics
Debate on the new tax policy.,Politics
AI technology revolutionizing industries.,Technology
Ellipsis,Politics
Athlete breaks the world record.,Sports
AI technology revolutionizing industries.,Technology
Ellipsis,Politics
Ellipsis,Technology
Election results are out. New government formed.,Politics
Athlete breaks the world record.,Sports
New smartphone released with advanced features.,Technology
Exciting match! The home team won the game.,Sports
Athlete breaks the world record.,Sports
Debate on the new tax policy.,Politics
Ellipsis,Politics
Exciting match! The home team won the game.,Sports
Debate on the new tax policy.,Politics
Election results are out. New government formed.,Politics
Ellipsis,Politics
Athlete breaks the world record.,Sports
Debate on the new tax policy.,Politics
Athlete breaks the world record.,Sports
Exciting match! The home team won the game.,Sports
Exciting match! The home team won the game.,Sports
Exciting match! The home team won the game.,Sports
Election results are out. New government formed.,Politics
Exciting match! The home team won the game.,Sports
AI technology revolutionizing industries.,Technology
Ellipsis,Politics
Election results are out. New government formed.,Politics
Ellipsis,Technology
Ellipsis,Technology
Athlete breaks the world record.,Sports
Exciting match! The home team won the game.,Sports
Exciting match! The home team won the game.,Sports
Exciting match! The home team won the game.,Sports
New smartphone released with advanced features.,Technology
Exciting match! The home team won the game.,Sports
Ellipsis,Technology
Debate on the new tax policy.,Politics
Debate on the new tax policy.,Politics
New smartphone released with advanced features.,Technology
Debate on the new tax policy.,Politics
Ellipsis,Technology
Ellipsis,Sports
Debate on the new tax policy.,Politics
Ellipsis,Technology
New smartphone released with advanced features.,Technology
Election results are out. New government formed.,Politics
Ellipsis,Sports
Ellipsis,Technology
Ellipsis,Sports
Exciting match! The home team won the game.,Sports
New smartphone released with advanced features.,Technology
Exciting match! The home team won the game.,Sports
Election results are out. New government formed.,Politics
Election results are out. New government formed.,Politics
New smartphone released with advanced features.,Technology
AI technology revolutionizing industries.,Technology
Ellipsis,Sports
Ellipsis,Sports
Ellipsis,Technology
AI technology revolutionizing industries.,Technology
Athlete breaks the world record.,Sports
Ellipsis,Politics
Ellipsis,Technology
Exciting match! The home team won the game.,Sports
Ellipsis,Politics
Exciting match! The home team won the game.,Sports
Ellipsis,Technology
Debate on the new tax policy.,Politics
Ellipsis,Sports
Ellipsis,Technology
Ellipsis,Politics
Ellipsis,Politics
Ellipsis,Sports
Election results are out. New government formed.,Politics
New smartphone released with advanced features.,Technology
Exciting match! The home team won the game.,Sports
Ellipsis,Sports
AI technology revolutionizing industries.,Technology
Ellipsis,Technology
Athlete breaks the world record.,Sports
Election results are out. New government formed.,Politics
AI technology revolutionizing industries.,Technology
Athlete breaks the world record.,Sports
Exciting match! The home team won the game.,Sports
AI technology revolutionizing industries.,Technology
New smartphone released with advanced features.,Technology
Exciting match! The home team won the game.,Sports
Athlete breaks the world record.,Sports
Election results are out. New government formed.,Politics
Exciting match! The home team won the game.,Sports
Ellipsis,Technology
Ellipsis,Technology
Debate on the new tax policy.,Politics
Ellipsis,Politics
New smartphone released with advanced features.,Technology
Ellipsis,Sports
Ellipsis,Sports
Athlete breaks the world record.,Sports
AI technology revolutionizing industries.,Technology
Election results are out. New government formed.,Politics
Debate on the new tax policy.,Politics
Athlete breaks the world record.,Sports
Ellipsis,Politics
Ellipsis,Technology
Exciting match! The home team won the game.,Sports
New smartphone released with advanced features.,Technology
Ellipsis,Sports
Athlete breaks the world record.,Sports
Exciting match! The home team won the game.,Sports
Election results are out. New government formed.,Politics
Debate on the new tax policy.,Politics
Exciting match! The home team won the game.,Sports
New smartphone released with advanced features.,Technology
Ellipsis,Sports
Election results are out. New government formed.,Politics
Ellipsis,Politics
AI technology revolutionizing industries.,Technology
AI technology revolutionizing industries.,Technology
Debate on the new tax policy.,Politics
AI technology revolutionizing industries.,Technology
Ellipsis,Technology
Ellipsis,Sports
Ellipsis,Sports
Ellipsis,Politics
AI technology revolutionizing industries.,Technology
Athlete breaks the world record.,Sports
Ellipsis,Sports
Exciting match! The home team won the game.,Sports
Election results are out. New government formed.,Politics
AI technology revolutionizing industries.,Technology
Debate on the new tax policy.,Politics
Ellipsis,Politics
AI technology revolutionizing industries.,Technology
Debate on the new tax policy.,Politics
AI technology revolutionizing industries.,Technology
Ellipsis,Politics
Debate on the new tax policy.,Politics
Ellipsis,Technology
Debate on the new tax policy.,Politics
Ellipsis,Sports
Ellipsis,Sports
Exciting match! The home team won the game.,Sports
Debate on the new tax policy.,Politics
Exciting match! The home team won the game.,Sports
Ellipsis,Sports
Debate on the new tax policy.,Politics
Ellipsis,Sports
Ellipsis,Sports
Ellipsis,Sports
Ellipsis,Sports
Ellipsis,Sports
Ellipsis,Sports
Ellipsis,Sports
Ellipsis,Technology
Debate on the new tax policy.,Politics
Election results are out. New government formed.,Politics
Exciting match! The home team won the game.,Sports
Ellipsis,Technology
AI technology revolutionizing industries.,Technology
Ellipsis,Sports
Debate on the new tax policy.,Politics
Ellipsis,Sports
Exciting match! The home team won the game.,Sports
New smartphone released with advanced features.,Technology
New smartphone released with advanced features.,Technology
New smartphone released with advanced features.,Technology
Athlete breaks the world record.,Sports
Athlete breaks the world record.,Sports
Election results are out. New government formed.,Politics
Athlete breaks the world record.,Sports
AI technology revolutionizing industries.,Technology
Debate on the new tax policy.,Politics
Ellipsis,Sports
Ellipsis,Technology
Ellipsis,Technology
Debate on the new tax policy.,Politics
Debate on the new tax policy.,Politics
AI technology revolutionizing industries.,Technology
New smartphone released with advanced features.,Technology
Ellipsis,Politics
Election results are out. New government formed.,Politics
Election results are out. New government formed.,Politics
Debate on the new tax policy.,Politics
Election results are out. New government formed.,Politics
Exciting match! The home team won the game.,Sports
AI technology revolutionizing industries.,Technology
AI technology revolutionizing industries.,Technology
Election results are out. New government formed.,Politics
Exciting match! The home team won the game.,Sports
Ellipsis,Politics
New smartphone released with advanced features.,Technology
Election results are out. New government formed.,Politics
New smartphone released with advanced features.,Technology
Ellipsis,Technology
Athlete breaks the world record.,Sports
Ellipsis,Politics
AI technology revolutionizing industries.,Technology
AI technology revolutionizing industries.,Technology
New smartphone released with advanced features.,Technology
AI technology revolutionizing industries.,Technology
AI technology revolutionizing industries.,Technology
Ellipsis,Politics
Athlete breaks the world record.,Sports
Athlete breaks the world record.,Sports
Election results are out. New government formed.,Politics
Ellipsis,Sports
Athlete breaks the world record.,Sports
Athlete breaks the world record.,Sports
Ellipsis,Politics
Ellipsis,Technology
Ellipsis,Sports
Ellipsis,Sports
Ellipsis,Technology
Ellipsis,Politics
Ellipsis,Politics
Ellipsis,Technology
Ellipsis,Technology
Election results are out. New government formed.,Politics
AI technology revolutionizing industries.,Technology
Exciting match! The home team won the game.,Sports
Ellipsis,Politics
Athlete breaks the world record.,Sports
Ellipsis,Politics
Election results are out. New government formed.,Politics
Ellipsis,Politics
Debate on the new tax policy.,Politics
Ellipsis,Politics
Exciting match! The home team won the game.,Sports
Ellipsis,Technology
Election results are out. New government formed.,Politics
Ellipsis,Technology
Athlete breaks the world record.,Sports
Ellipsis,Politics
Debate on the new tax policy.,Politics
Election results are out. New government formed.,Politics
Election results are out. New government formed.,Politics
Ellipsis,Politics
Debate on the new tax policy.,Politics
Debate on the new tax policy.,Politics
Athlete breaks the world record.,Sports
Ellipsis,Politics
Debate on the new tax policy.,Politics
Athlete breaks the world record.,Sports
Election results are out. New government formed.,Politics
Election results are out. New government formed.,Politics
Ellipsis,Sports
Election results are out. New government formed.,Politics
Ellipsis,Technology
Ellipsis,Politics
Ellipsis,Sports
New smartphone released with advanced features.,Technology
AI technology revolutionizing industries.,Technology
AI technology revolutionizing industries.,Technology
Athlete breaks the world record.,Sports
Ellipsis,Technology
Ellipsis,Technology
Ellipsis,Technology
Debate on the new tax policy.,Politics
Athlete breaks the world record.,Sports
Election results are out. New government formed.,Politics
New smartphone released with advanced features.,Technology
Election results are out. New government formed.,Politics
AI technology revolutionizing industries.,Technology
Exciting match! The home team won the game.,Sports
Athlete breaks the world record.,Sports
Ellipsis,Politics
Ellipsis,Politics
AI technology revolutionizing industries.,Technology
Ellipsis,Politics
Election results are out. New government formed.,Politics
Ellipsis,Politics
Athlete breaks the world record.,Sports
Ellipsis,Sports
Exciting match! The home team won the game.,Sports
AI technology revolutionizing industries.,Technology
Ellipsis,Technology
Ellipsis,Technology
Election results are out. New government formed.,Politics
Athlete breaks the world record.,Sports
Debate on the new tax policy.,Politics
New smartphone released with advanced features.,Technology
New smartphone released with advanced features.,Technology
Ellipsis,Technology
Ellipsis,Politics
Ellipsis,Technology
New smartphone released with advanced features.,Technology
AI technology revolutionizing industries.,Technology
AI technology revolutionizing industries.,Technology
Ellipsis,Politics
New smartphone released with advanced features.,Technology
Ellipsis,Sports
Ellipsis,Sports
Exciting match! The home team won the game.,Sports
New smartphone released with advanced features.,Technology
Ellipsis,Politics
Election results are out. New government formed.,Politics
Exciting match! The home team won the game.,Sports
New smartphone released with advanced features.,Technology
Ellipsis,Politics
Athlete breaks the world record.,Sports
New smartphone released with advanced features.,Technology
Election results are out. New government formed.,Politics
Ellipsis,Sports
Ellipsis,Sports
Election results are out. New government formed.,Politics
Ellipsis,Sports
Ellipsis,Politics
AI technology revolutionizing industries.,Technology
Ellipsis,Politics
Ellipsis,Technology
Ellipsis,Technology
Election results are out. New government formed.,Politics
AI technology revolutionizing industries.,Technology
Ellipsis,Sports
New smartphone released with advanced features.,Technology
Exciting match! The home team won the game.,Sports
Debate on the new tax policy.,Politics
Ellipsis,Sports
Ellipsis,Technology
Exciting match! The home team won the game.,Sports
Election results are out. New government formed.,Politics
Athlete breaks the world record.,Sports
Ellipsis,Sports
Ellipsis,Politics
Athlete breaks the world record.,Sports
Election results are out. New government formed.,Politics
Ellipsis,Technology
New smartphone released with advanced features.,Technology
Election results are out. New government formed.,Politics
Ellipsis,Technology
New smartphone released with advanced features.,Technology
Election results are out. New government formed.,Politics
New smartphone released with advanced features.,Technology
Ellipsis,Politics
AI technology revolutionizing industries.,Technology
New smartphone released with advanced features.,Technology
AI technology revolutionizing industries.,Technology
Election results are out. New government formed.,Politics
New smartphone released with advanced features.,Technology
Athlete breaks the world record.,Sports
Ellipsis,Politics
AI technology revolutionizing industries.,Technology
Debate on the new tax policy.,Politics
Exciting match! The home team won the game.,Sports
AI technology revolutionizing industries.,Technology
Debate on the new tax policy.,Politics
Ellipsis,Sports
New smartphone released with advanced features.,Technology
Ellipsis,Technology
Ellipsis,Sports
Debate on the new tax policy.,Politics
Ellipsis,Technology
AI technology revolutionizing industries.,Technology
New smartphone released with advanced features.,Technology
Athlete breaks the world record.,Sports
Ellipsis,Technology
Athlete breaks the world record.,Sports
Ellipsis,Sports
Ellipsis,Politics
Ellipsis,Sports
AI technology revolutionizing industries.,Technology
AI technology revolutionizing industries.,Technology
Debate on the new tax policy.,Politics
New smartphone released with advanced features.,Technology
Ellipsis,Technology
Debate on the new tax policy.,Politics
Ellipsis,Politics
Ellipsis,Technology
Debate on the new tax policy.,Politics
New smartphone released with advanced features.,Technology
Debate on the new tax policy.,Politics
Exciting match! The home team won the game.,Sports
Ellipsis,Technology
Ellipsis,Technology
Ellipsis,Politics
New smartphone released with advanced features.,Technology
AI technology revolutionizing industries.,Technology
Athlete breaks the world record.,Sports
Ellipsis,Technology
Ellipsis,Technology
Election results are out. New government formed.,Politics
New smartphone released with advanced features.,Technology
New smartphone released with advanced features.,Technology
Ellipsis,Sports
New smartphone released with advanced features.,Technology
Debate on the new tax policy.,Politics
Debate on the new tax policy.,Politics
New smartphone released with advanced features.,Technology
Ellipsis,Politics
Ellipsis,Sports
Debate on the new tax policy.,Politics
Ellipsis,Sports
Ellipsis,Sports
Ellipsis,Politics
Election results are out. New government formed.,Politics
Ellipsis,Technology
Ellipsis,Technology
Ellipsis,Politics
Ellipsis,Sports
Ellipsis,Technology
Athlete breaks the world record.,Sports
Debate on the new tax policy.,Politics
Election results are out. New government formed.,Politics
AI technology revolutionizing industries.,Technology
New smartphone released with advanced features.,Technology
Athlete breaks the world record.,Sports
Election results are out. New government formed.,Politics
Ellipsis,Technology
AI technology revolutionizing industries.,Technology
Ellipsis,Sports
Debate on the new tax policy.,Politics
Debate on the new tax policy.,Politics
AI technology revolutionizing industries.,Technology
Election results are out. New government formed.,Politics
New smartphone released with advanced features.,Technology
New smartphone released with advanced features.,Technology
New smartphone released with advanced features.,Technology
New smartphone released with advanced features.,Technology
Ellipsis,Sports
Election results are out. New government formed.,Politics
Ellipsis,Technology
Election results are out. New government formed.,Politics
Ellipsis,Sports
Ellipsis,Politics
Ellipsis,Technology
Election results are out. New government formed.,Politics
Ellipsis,Technology
Exciting match! The home team won the game.,Sports
Ellipsis,Sports
Ellipsis,Politics
Election results are out. New government formed.,Politics
Exciting match! The home team won the game.,Sports
Election results are out. New government formed.,Politics
AI technology revolutionizing industries.,Technology
New smartphone released with advanced features.,Technology
Election results are out. New government formed.,Politics
New smartphone released with advanced features.,Technology
Exciting match! The home team won the game.,Sports
AI technology revolutionizing industries.,Technology
New smartphone released with advanced features.,Technology
New smartphone released with advanced features.,Technology
Athlete breaks the world record.,Sports
Election results are out. New government formed.,Politics
Exciting match! The home team won the game.,Sports
New smartphone released with advanced features.,Technology
Election results are out. New government formed.,Politics
Exciting match! The home team won the game.,Sports
Ellipsis,Politics
Election results are out. New government formed.,Politics
Election results are out. New government formed.,Politics
Ellipsis,Politics
Athlete breaks the world record.,Sports
Ellipsis,Politics
Exciting match! The home team won the game.,Sports
Ellipsis,Politics
Athlete breaks the world record.,Sports
Election results are out. New government formed.,Politics
Ellipsis,Sports
Athlete breaks the world record.,Sports
Ellipsis,Politics
Debate on the new tax policy.,Politics
Exciting match! The home team won the game.,Sports
Ellipsis,Sports
Ellipsis,Sports
New smartphone released with advanced features.,Technology
Ellipsis,Politics
Ellipsis,Technology
Athlete breaks the world record.,Sports
Athlete breaks the world record.,Sports
Election results are out. New government formed.,Politics
AI technology revolutionizing industries.,Technology
Debate on the new tax policy.,Politics
AI technology revolutionizing industries.,Technology
Athlete breaks the world record.,Sports
Election results are out. New government formed.,Politics
Athlete breaks the world record.,Sports
Ellipsis,Politics
Ellipsis,Sports
Election results are out. New government formed.,Politics
AI technology revolutionizing industries.,Technology
Ellipsis,Technology
Debate on the new tax policy.,Politics
AI technology revolutionizing industries.,Technology
Debate on the new tax policy.,Politics
Ellipsis,Sports
Athlete breaks the world record.,Sports
Ellipsis,Sports
AI technology revolutionizing industries.,Technology
Exciting match! The home team won the game.,Sports
New smartphone released with advanced features.,Technology
Athlete breaks the world record.,Sports
New smartphone released with advanced features.,Technology
Ellipsis,Politics
Ellipsis,Sports
Athlete breaks the world record.,Sports
AI technology revolutionizing industries.,Technology
Ellipsis,Politics
Exciting match! The home team won the game.,Sports
Athlete breaks the world record.,Sports
Exciting match! The home team won the game.,Sports
New smartphone released with advanced features.,Technology
AI technology revolutionizing industries.,Technology
Ellipsis,Sports
Election results are out. New government formed.,Politics
Ellipsis,Technology
Ellipsis,Politics
Debate on the new tax policy.,Politics
Exciting match! The home team won the game.,Sports
Ellipsis,Politics
New smartphone released with advanced features.,Technology
AI technology revolutionizing industries.,Technology
Debate on the new tax policy.,Politics
Debate on the new tax policy.,Politics
AI technology revolutionizing industries.,Technology
Ellipsis,Politics
Ellipsis,Sports
Election results are out. New government formed.,Politics
Athlete breaks the world record.,Sports
Ellipsis,Politics
Ellipsis,Politics
Ellipsis,Politics
Exciting match! The home team won the game.,Sports
New smartphone released with advanced features.,Technology
New smartphone released with advanced features.,Technology
Election results are out. New government formed.,Politics
Ellipsis,Politics
Ellipsis,Politics
Ellipsis,Technology
Ellipsis,Sports
New smartphone released with advanced features.,Technology
Exciting match! The home team won the game.,Sports
New smartphone released with advanced features.,Technology
Athlete breaks the world record.,Sports
AI technology revolutionizing industries.,Technology
Debate on the new tax policy.,Politics
Debate on the new tax policy.,Politics
Ellipsis,Politics
Ellipsis,Sports
Debate on the new tax policy.,Politics
AI technology revolutionizing industries.,Technology
Ellipsis,Technology
AI technology revolutionizing industries.,Technology
Ellipsis,Sports
Exciting match! The home team won the game.,Sports
Debate on the new tax policy.,Politics
Ellipsis,Politics
Debate on the new tax policy.,Politics
Ellipsis,Politics
New smartphone released with advanced features.,Technology
AI technology revolutionizing industries.,Technology
Exciting match! The home team won the game.,Sports
Election results are out. New government formed.,Politics
New smartphone released with advanced features.,Technology
Debate on the new tax policy.,Politics
Exciting match! The home team won the game.,Sports
Exciting match! The home team won the game.,Sports
Ellipsis,Technology
Ellipsis,Sports
Ellipsis,Technology
AI technology revolutionizing industries.,Technology
Ellipsis,Technology
New smartphone released with advanced features.,Technology
Ellipsis,Sports
Ellipsis,Technology
Ellipsis,Politics
Exciting match! The home team won the game.,Sports
Ellipsis,Politics
AI technology revolutionizing industries.,Technology
Election results are out. New government formed.,Politics
Ellipsis,Technology
Ellipsis,Sports
Debate on the new tax policy.,Politics
New smartphone released with advanced features.,Technology
Election results are out. New government formed.,Politics
Exciting match! The home team won the game.,Sports
Ellipsis,Technology
Ellipsis,Technology
AI technology revolutionizing industries.,Technology
Exciting match! The home team won the game.,Sports
Debate on the new tax policy.,Politics
Ellipsis,Politics
Ellipsis,Politics
AI technology revolutionizing industries.,Technology
Debate on the new tax policy.,Politics
Ellipsis,Politics
Debate on the new tax policy.,Politics
Ellipsis,Technology
Athlete breaks the world record.,Sports
Ellipsis,Politics
Exciting match! The home team won the game.,Sports
Ellipsis,Technology
Exciting match! The home team won the game.,Sports
Debate on the new tax policy.,Politics
AI technology revolutionizing industries.,Technology
Ellipsis,Politics
Election results are out. New government formed.,Politics
Ellipsis,Politics
Election results are out. New government formed.,Politics
Ellipsis,Sports
Ellipsis,Politics
Ellipsis,Technology
Ellipsis,Sports
Ellipsis,Politics
Exciting match! The home team won the game.,Sports
Exciting match! The home team won the game.,Sports
Ellipsis,Sports
AI technology revolutionizing industries.,Technology
Ellipsis,Technology
New smartphone released with advanced features.,Technology
Exciting match! The home team won the game.,Sports
Ellipsis,Technology
Ellipsis,Politics
AI technology revolutionizing industries.,Technology
Debate on the new tax policy.,Politics
Ellipsis,Technology
Exciting match! The home team won the game.,Sports
New smartphone released with advanced features.,Technology
Ellipsis,Technology
AI technology revolutionizing industries.,Technology
Ellipsis,Technology
Election results are out. New government formed.,Politics
Debate on the new tax policy.,Politics
Ellipsis,Politics
Ellipsis,Technology
Ellipsis,Technology
Ellipsis,Technology
Ellipsis,Sports
Athlete breaks the world record.,Sports
Ellipsis,Technology
Election results are out. New government formed.,Politics
New smartphone released with advanced features.,Technology
Ellipsis,Technology
Ellipsis,Sports
Exciting match! The home team won the game.,Sports
Ellipsis,Sports
New smartphone released with advanced features.,Technology
Ellipsis,Technology
Athlete breaks the world record.,Sports
Debate on the new tax policy.,Politics
Ellipsis,Technology
Exciting match! The home team won the game.,Sports
Ellipsis,Politics
Debate on the new tax policy.,Politics
AI technology revolutionizing industries.,Technology
Exciting match! The home team won the game.,Sports
AI technology revolutionizing industries.,Technology
Ellipsis,Sports
Exciting match! The home team won the game.,Sports
AI technology revolutionizing industries.,Technology
New smartphone released with advanced features.,Technology
Election results are out. New government formed.,Politics
Exciting match! The home team won the game.,Sports
Athlete breaks the world record.,Sports
Athlete breaks the world record.,Sports
Ellipsis,Sports
Ellipsis,Sports
Election results are out. New government formed.,Politics
Ellipsis,Technology
Athlete breaks the world record.,Sports
Debate on the new tax policy.,Politics
Exciting match! The home team won the game.,Sports
Ellipsis,Sports
New smartphone released with advanced features.,Technology
Exciting match! The home team won the game.,Sports
Ellipsis,Sports
Exciting match! The home team won the game.,Sports
Ellipsis,Politics
Ellipsis,Sports
Election results are out. New government formed.,Politics
Exciting match! The home team won the game.,Sports
New smartphone released with advanced features.,Technology
Ellipsis,Sports
AI technology revolutionizing industries.,Technology
AI technology revolutionizing industries.,Technology
Exciting match! The home team won the game.,Sports
Athlete breaks the world record.,Sports
AI technology revolutionizing industries.,Technology
AI technology revolutionizing industries.,Technology
Athlete breaks the world record.,Sports
Debate on the new tax policy.,Politics
New smartphone released with advanced features.,Technology
Ellipsis,Technology
New smartphone released with advanced features.,Technology
Ellipsis,Technology
Ellipsis,Technology
Exciting match! The home team won the game.,Sports
Exciting match! The home team won the game.,Sports
Athlete breaks the world record.,Sports
Election results are out. New government formed.,Politics
AI technology revolutionizing industries.,Technology
AI technology revolutionizing industries.,Technology
Exciting match! The home team won the game.,Sports
Exciting match! The home team won the game.,Sports
Debate on the new tax policy.,Politics
Ellipsis,Sports
Ellipsis,Politics
New smartphone released with advanced features.,Technology
Ellipsis,Politics
Ellipsis,Technology
New smartphone released with advanced features.,Technology
